{
    "DesktopAudioDevice1": {
        "prev_ver": 520093697,
        "name": "Desktop Audio",
        "uuid": "fbce710a-6ca2-41b7-bd1e-8d03ca3c2c17",
        "id": "wasapi_output_capture",
        "versioned_id": "wasapi_output_capture",
        "settings": {
            "device_id": "default"
        },
        "mixers": 255,
        "sync": 0,
        "flags": 0,
        "volume": 1.0,
        "balance": 0.5,
        "enabled": true,
        "muted": false,
        "push-to-mute": false,
        "push-to-mute-delay": 0,
        "push-to-talk": false,
        "push-to-talk-delay": 0,
        "hotkeys": {
            "libobs.mute": [],
            "libobs.unmute": [],
            "libobs.push-to-mute": [],
            "libobs.push-to-talk": []
        },
        "deinterlace_mode": 0,
        "deinterlace_field_order": 0,
        "monitoring_type": 0,
        "private_settings": {
            "volume_locked": false
        }
    },
    "AuxAudioDevice1": {
        "prev_ver": 520093697,
        "name": "Mic/Aux",
        "uuid": "4389cc86-53d0-4751-a0c7-82899e720854",
        "id": "wasapi_input_capture",
        "versioned_id": "wasapi_input_capture",
        "settings": {
            "device_id": "default"
        },
        "mixers": 255,
        "sync": 0,
        "flags": 0,
        "volume": 1.0,
        "balance": 0.5,
        "enabled": true,
        "muted": false,
        "push-to-mute": false,
        "push-to-mute-delay": 0,
        "push-to-talk": false,
        "push-to-talk-delay": 0,
        "hotkeys": {
            "libobs.mute": [],
            "libobs.unmute": [],
            "libobs.push-to-mute": [],
            "libobs.push-to-talk": []
        },
        "deinterlace_mode": 0,
        "deinterlace_field_order": 0,
        "monitoring_type": 0,
        "private_settings": {}
    },
    "current_scene": "Starting Soon",
    "current_program_scene": "Starting Soon",
    "scene_order": [
        {
            "name": "Starting Soon"
        },
        {
            "name": "Coach CAMRA"
        },
        {
            "name": "Full Gameplay"
        }
    ],
    "name": "Snitch",
    "groups": [],
    "quick_transitions": [
        {
            "name": "Cut",
            "duration": 300,
            "hotkeys": [],
            "id": 1,
            "fade_to_black": false
        },
        {
            "name": "Fade",
            "duration": 300,
            "hotkeys": [],
            "id": 2,
            "fade_to_black": false
        },
        {
            "name": "Fade",
            "duration": 300,
            "hotkeys": [],
            "id": 3,
            "fade_to_black": true
        }
    ],
    "transitions": [],
    "saved_projectors": [],
    "current_transition": "Fade",
    "transition_duration": 300,
    "preview_locked": false,
    "scaling_enabled": false,
    "scaling_level": 0,
    "scaling_off_x": 0.0,
    "scaling_off_y": 0.0,
    "virtual-camera": {
        "type2": 3
    },
    "modules": {
        "auto-scene-switcher": {
            "interval": 300,
            "non_matching_scene": "",
            "switch_if_not_matching": false,
            "active": false,
            "switches": []
        },
        "captions": {
            "source": "",
            "enabled": false,
            "lang_id": 1033,
            "provider": "mssapi"
        },
        "output-timer": {
            "streamTimerHours": 0,
            "streamTimerMinutes": 0,
            "streamTimerSeconds": 30,
            "recordTimerHours": 0,
            "recordTimerMinutes": 0,
            "recordTimerSeconds": 30,
            "autoStartStreamTimer": false,
            "autoStartRecordTimer": false,
            "pauseRecordTimer": true
        },
        "scripts-tool": []
    },
    "resolution": {
        "x": 1366,
        "y": 768
    },
    "version": 2,
    "migration_resolution": {
        "x": 1366,
        "y": 768
    },
    "sources": [
        {
            "prev_ver": 520093697,
            "name": "Audio Output Capture",
            "uuid": "004fcf10-1661-4134-b7f1-eff80d874580",
            "id": "wasapi_output_capture",
            "versioned_id": "wasapi_output_capture",
            "settings": {},
            "mixers": 255,
            "sync": 0,
            "flags": 0,
            "volume": 1.0,
            "balance": 0.5,
            "enabled": true,
            "muted": false,
            "push-to-mute": false,
            "push-to-mute-delay": 0,
            "push-to-talk": false,
            "push-to-talk-delay": 0,
            "hotkeys": {
                "libobs.mute": [],
                "libobs.unmute": [],
                "libobs.push-to-mute": [],
                "libobs.push-to-talk": []
            },
            "deinterlace_mode": 0,
            "deinterlace_field_order": 0,
            "monitoring_type": 0,
            "private_settings": {}
        },
        {
            "prev_ver": 520093697,
            "name": "BG Blue",
            "uuid": "7e75d575-c2fa-41b2-bd57-6d9d78f6359b",
            "id": "color_source",
            "versioned_id": "color_source_v3",
            "settings": {
                "color": 4286399015
            },
            "mixers": 0,
            "sync": 0,
            "flags": 0,
            "volume": 1.0,
            "balance": 0.5,
            "enabled": true,
            "muted": false,
            "push-to-mute": false,
            "push-to-mute-delay": 0,
            "push-to-talk": false,
            "push-to-talk-delay": 0,
            "hotkeys": {},
            "deinterlace_mode": 0,
            "deinterlace_field_order": 0,
            "monitoring_type": 0,
            "private_settings": {}
        },
        {
            "prev_ver": 520093697,
            "name": "BG Holes",
            "uuid": "ceee120a-dba2-4267-923e-e1e0e4900f0f",
            "id": "image_source",
            "versioned_id": "image_source",
            "settings": {
                "file": "C:/Users/Troupple Knight/Documents/BB Twitch/Assets/snitch_bg.png"
            },
            "mixers": 0,
            "sync": 0,
            "flags": 0,
            "volume": 1.0,
            "balance": 0.5,
            "enabled": true,
            "muted": false,
            "push-to-mute": false,
            "push-to-mute-delay": 0,
            "push-to-talk": false,
            "push-to-talk-delay": 0,
            "hotkeys": {},
            "deinterlace_mode": 0,
            "deinterlace_field_order": 0,
            "monitoring_type": 0,
            "private_settings": {}
        },
        {
            "prev_ver": 520093697,
            "name": "Coach CAMRA",
            "uuid": "235548d2-1cbe-4e13-8533-833dbad220f0",
            "id": "scene",
            "versioned_id": "scene",
            "settings": {
                "custom_size": false,
                "id_counter": 6,
                "items": [
                    {
                        "name": "Fullscreen Facecam",
                        "source_uuid": "52f17da2-6459-4bab-af18-cb4361fea972",
                        "visible": true,
                        "locked": true,
                        "rot": 0.0,
                        "scale_ref": {
                            "x": 1366.0,
                            "y": 768.0
                        },
                        "align": 5,
                        "bounds_type": 0,
                        "bounds_align": 0,
                        "bounds_crop": false,
                        "crop_left": 0,
                        "crop_top": 0,
                        "crop_right": 0,
                        "crop_bottom": 0,
                        "id": 2,
                        "group_item_backup": false,
                        "pos": {
                            "x": 0.0,
                            "y": 0.0
                        },
                        "pos_rel": {
                            "x": -1.7786458730697632,
                            "y": -1.0
                        },
                        "scale": {
                            "x": 1.06640625,
                            "y": 1.0666667222976685
                        },
                        "scale_rel": {
                            "x": 1.06640625,
                            "y": 1.0666667222976685
                        },
                        "bounds": {
                            "x": 0.0,
                            "y": 0.0
                        },
                        "bounds_rel": {
                            "x": 0.0,
                            "y": 0.0
                        },
                        "scale_filter": "disable",
                        "blend_method": "default",
                        "blend_type": "normal",
                        "show_transition": {
                            "duration": 0
                        },
                        "hide_transition": {
                            "duration": 0
                        },
                        "private_settings": {}
                    },
                    {
                        "name": "Audio Output Capture",
                        "source_uuid": "004fcf10-1661-4134-b7f1-eff80d874580",
                        "visible": true,
                        "locked": false,
                        "rot": 0.0,
                        "scale_ref": {
                            "x": 1920.0,
                            "y": 1080.0
                        },
                        "align": 5,
                        "bounds_type": 0,
                        "bounds_align": 0,
                        "bounds_crop": false,
                        "crop_left": 0,
                        "crop_top": 0,
                        "crop_right": 0,
                        "crop_bottom": 0,
                        "id": 6,
                        "group_item_backup": false,
                        "pos": {
                            "x": 0.5,
                            "y": 0.0
                        },
                        "pos_rel": {
                            "x": -1.7777777910232544,
                            "y": -1.0
                        },
                        "scale": {
                            "x": 0.71111112833023071,
                            "y": 0.71111112833023071
                        },
                        "scale_rel": {
                            "x": 1.0,
                            "y": 1.0
                        },
                        "bounds": {
                            "x": 0.0,
                            "y": 0.0
                        },
                        "bounds_rel": {
                            "x": 0.0,
                            "y": 0.0
                        },
                        "scale_filter": "disable",
                        "blend_method": "default",
                        "blend_type": "normal",
                        "show_transition": {
                            "duration": 0
                        },
                        "hide_transition": {
                            "duration": 0
                        },
                        "private_settings": {}
                    }
                ]
            },
            "mixers": 0,
            "sync": 0,
            "flags": 0,
            "volume": 1.0,
            "balance": 0.5,
            "enabled": true,
            "muted": false,
            "push-to-mute": false,
            "push-to-mute-delay": 0,
            "push-to-talk": false,
            "push-to-talk-delay": 0,
            "hotkeys": {
                "OBSBasic.SelectScene": [
                    {
                        "key": "OBS_KEY_NUM8"
                    }
                ],
                "libobs.show_scene_item.2": [],
                "libobs.hide_scene_item.2": [],
                "libobs.show_scene_item.6": [],
                "libobs.hide_scene_item.6": []
            },
            "deinterlace_mode": 0,
            "deinterlace_field_order": 0,
            "monitoring_type": 0,
            "private_settings": {}
        },
        {
            "prev_ver": 520093697,
            "name": "Full Gameplay",
            "uuid": "6fec5b95-02c1-468b-931f-ab029618b58c",
            "id": "scene",
            "versioned_id": "scene",
            "settings": {
                "id_counter": 5,
                "custom_size": false,
                "items": [
                    {
                        "name": "Fullscreen Gameplay",
                        "source_uuid": "b1fef4d0-6253-44c9-bf1a-e29c777b570f",
                        "visible": true,
                        "locked": true,
                        "rot": 0.0,
                        "scale_ref": {
                            "x": 1920.0,
                            "y": 1080.0
                        },
                        "align": 5,
                        "bounds_type": 0,
                        "bounds_align": 0,
                        "bounds_crop": false,
                        "crop_left": 0,
                        "crop_top": 0,
                        "crop_right": 0,
                        "crop_bottom": 0,
                        "id": 1,
                        "group_item_backup": false,
                        "pos": {
                            "x": 0.5,
                            "y": 0.0
                        },
                        "pos_rel": {
                            "x": -1.7777777910232544,
                            "y": -1.0
                        },
                        "scale": {
                            "x": 0.71111112833023071,
                            "y": 0.71111112833023071
                        },
                        "scale_rel": {
                            "x": 1.0,
                            "y": 1.0
                        },
                        "bounds": {
                            "x": 0.0,
                            "y": 0.0
                        },
                        "bounds_rel": {
                            "x": 0.0,
                            "y": 0.0
                        },
                        "scale_filter": "disable",
                        "blend_method": "default",
                        "blend_type": "normal",
                        "show_transition": {
                            "duration": 0
                        },
                        "hide_transition": {
                            "duration": 0
                        },
                        "private_settings": {}
                    },
                    {
                        "name": "Audio Output Capture",
                        "source_uuid": "004fcf10-1661-4134-b7f1-eff80d874580",
                        "visible": true,
                        "locked": false,
                        "rot": 0.0,
                        "scale_ref": {
                            "x": 1920.0,
                            "y": 1080.0
                        },
                        "align": 5,
                        "bounds_type": 0,
                        "bounds_align": 0,
                        "bounds_crop": false,
                        "crop_left": 0,
                        "crop_top": 0,
                        "crop_right": 0,
                        "crop_bottom": 0,
                        "id": 4,
                        "group_item_backup": false,
                        "pos": {
                            "x": 0.5,
                            "y": 0.0
                        },
                        "pos_rel": {
                            "x": -1.7777777910232544,
                            "y": -1.0
                        },
                        "scale": {
                            "x": 0.71111112833023071,
                            "y": 0.71111112833023071
                        },
                        "scale_rel": {
                            "x": 1.0,
                            "y": 1.0
                        },
                        "bounds": {
                            "x": 0.0,
                            "y": 0.0
                        },
                        "bounds_rel": {
                            "x": 0.0,
                            "y": 0.0
                        },
                        "scale_filter": "disable",
                        "blend_method": "default",
                        "blend_type": "normal",
                        "show_transition": {
                            "duration": 0
                        },
                        "hide_transition": {
                            "duration": 0
                        },
                        "private_settings": {}
                    }
                ]
            },
            "mixers": 0,
            "sync": 0,
            "flags": 0,
            "volume": 1.0,
            "balance": 0.5,
            "enabled": true,
            "muted": false,
            "push-to-mute": false,
            "push-to-mute-delay": 0,
            "push-to-talk": false,
            "push-to-talk-delay": 0,
            "hotkeys": {
                "OBSBasic.SelectScene": [
                    {
                        "key": "OBS_KEY_NUM9"
                    }
                ],
                "libobs.show_scene_item.1": [],
                "libobs.hide_scene_item.1": [],
                "libobs.show_scene_item.4": [],
                "libobs.hide_scene_item.4": []
            },
            "deinterlace_mode": 0,
            "deinterlace_field_order": 0,
            "monitoring_type": 0,
            "private_settings": {}
        },
        {
            "prev_ver": 520093697,
            "name": "Fullscreen Facecam",
            "uuid": "52f17da2-6459-4bab-af18-cb4361fea972",
            "id": "dshow_input",
            "versioned_id": "dshow_input",
            "settings": {
                "last_video_device_id": "USB2.0 HD UVC WebCam:\\\\?\\usb#22vid_3277&pid_0029&mi_00#227&18314511&0&0000#22{65e8773d-8f56-11d0-a3b9-00a0c9223196}\\global",
                "video_device_id": "USB2.0 HD UVC WebCam:\\\\?\\usb#22vid_3277&pid_0029&mi_00#227&18314511&0&0000#22{65e8773d-8f56-11d0-a3b9-00a0c9223196}\\global"
            },
            "mixers": 255,
            "sync": 0,
            "flags": 0,
            "volume": 1.0,
            "balance": 0.5,
            "enabled": true,
            "muted": false,
            "push-to-mute": false,
            "push-to-mute-delay": 0,
            "push-to-talk": false,
            "push-to-talk-delay": 0,
            "hotkeys": {
                "libobs.mute": [],
                "libobs.unmute": [],
                "libobs.push-to-mute": [],
                "libobs.push-to-talk": []
            },
            "deinterlace_mode": 0,
            "deinterlace_field_order": 0,
            "monitoring_type": 0,
            "private_settings": {}
        },
        {
            "prev_ver": 520093697,
            "name": "Fullscreen Gameplay",
            "uuid": "b1fef4d0-6253-44c9-bf1a-e29c777b570f",
            "id": "game_capture",
            "versioned_id": "game_capture",
            "settings": {
                "capture_mode": "any_fullscreen"
            },
            "mixers": 255,
            "sync": 0,
            "flags": 0,
            "volume": 1.0,
            "balance": 0.5,
            "enabled": true,
            "muted": false,
            "push-to-mute": false,
            "push-to-mute-delay": 0,
            "push-to-talk": false,
            "push-to-talk-delay": 0,
            "hotkeys": {
                "libobs.mute": [],
                "libobs.unmute": [],
                "libobs.push-to-mute": [],
                "libobs.push-to-talk": [],
                "hotkey_start": [],
                "hotkey_stop": []
            },
            "deinterlace_mode": 0,
            "deinterlace_field_order": 0,
            "monitoring_type": 0,
            "private_settings": {}
        },
        {
            "prev_ver": 520093697,
            "name": "Starting Soon",
            "uuid": "5cfdbe91-5a48-4d31-ad60-ff30bc00f9d1",
            "id": "scene",
            "versioned_id": "scene",
            "settings": {
                "custom_size": false,
                "id_counter": 10,
                "items": [
                    {
                        "name": "BG Blue",
                        "source_uuid": "7e75d575-c2fa-41b2-bd57-6d9d78f6359b",
                        "visible": true,
                        "locked": true,
                        "rot": 0.0,
                        "scale_ref": {
                            "x": 1366.0,
                            "y": 768.0
                        },
                        "align": 5,
                        "bounds_type": 0,
                        "bounds_align": 0,
                        "bounds_crop": false,
                        "crop_left": 0,
                        "crop_top": 0,
                        "crop_right": 0,
                        "crop_bottom": 0,
                        "id": 3,
                        "group_item_backup": false,
                        "pos": {
                            "x": 0.0,
                            "y": 0.0
                        },
                        "pos_rel": {
                            "x": -1.7787036895751953,
                            "y": -1.0
                        },
                        "scale": {
                            "x": 1.0,
                            "y": 1.0
                        },
                        "scale_rel": {
                            "x": 1.0,
                            "y": 1.0
                        },
                        "bounds": {
                            "x": 0.0,
                            "y": 0.0
                        },
                        "bounds_rel": {
                            "x": 0.0,
                            "y": 0.0
                        },
                        "scale_filter": "disable",
                        "blend_method": "default",
                        "blend_type": "normal",
                        "show_transition": {
                            "duration": 0
                        },
                        "hide_transition": {
                            "duration": 0
                        },
                        "private_settings": {}
                    },
                    {
                        "name": "Team2 Icon",
                        "source_uuid": "c9600cba-bd84-4c31-be19-7886a2f83b7e",
                        "visible": true,
                        "locked": true,
                        "rot": 0.0,
                        "scale_ref": {
                            "x": 1366.0,
                            "y": 768.0
                        },
                        "align": 5,
                        "bounds_type": 0,
                        "bounds_align": 0,
                        "bounds_crop": false,
                        "crop_left": 0,
                        "crop_top": 0,
                        "crop_right": 0,
                        "crop_bottom": 0,
                        "id": 4,
                        "group_item_backup": false,
                        "pos": {
                            "x": 1006.0,
                            "y": 268.0
                        },
                        "pos_rel": {
                            "x": 0.84114581346511841,
                            "y": -0.30208331346511841
                        },
                        "scale": {
                            "x": 0.15759716928005219,
                            "y": 0.15764705836772919
                        },
                        "scale_rel": {
                            "x": 0.15759716928005219,
                            "y": 0.15764705836772919
                        },
                        "bounds": {
                            "x": 0.0,
                            "y": 0.0
                        },
                        "bounds_rel": {
                            "x": 0.0,
                            "y": 0.0
                        },
                        "scale_filter": "disable",
                        "blend_method": "default",
                        "blend_type": "normal",
                        "show_transition": {
                            "duration": 0
                        },
                        "hide_transition": {
                            "duration": 0
                        },
                        "private_settings": {}
                    },
                    {
                        "name": "Team1 Icon",
                        "source_uuid": "63e09d31-15e0-46e6-a1c7-080df44da053",
                        "visible": true,
                        "locked": true,
                        "rot": 0.0,
                        "scale_ref": {
                            "x": 1366.0,
                            "y": 768.0
                        },
                        "align": 5,
                        "bounds_type": 0,
                        "bounds_align": 0,
                        "bounds_crop": false,
                        "crop_left": 0,
                        "crop_top": 0,
                        "crop_right": 0,
                        "crop_bottom": 0,
                        "id": 5,
                        "group_item_backup": false,
                        "pos": {
                            "x": 118.0,
                            "y": 282.0
                        },
                        "pos_rel": {
                            "x": -1.4713541269302368,
                            "y": -0.265625
                        },
                        "scale": {
                            "x": 0.9375,
                            "y": 0.93805307149887085
                        },
                        "scale_rel": {
                            "x": 0.9375,
                            "y": 0.93805307149887085
                        },
                        "bounds": {
                            "x": 0.0,
                            "y": 0.0
                        },
                        "bounds_rel": {
                            "x": 0.0,
                            "y": 0.0
                        },
                        "scale_filter": "disable",
                        "blend_method": "default",
                        "blend_type": "normal",
                        "show_transition": {
                            "duration": 0
                        },
                        "hide_transition": {
                            "duration": 0
                        },
                        "private_settings": {}
                    },
                    {
                        "name": "BG Holes",
                        "source_uuid": "ceee120a-dba2-4267-923e-e1e0e4900f0f",
                        "visible": true,
                        "locked": true,
                        "rot": 0.0,
                        "scale_ref": {
                            "x": 1366.0,
                            "y": 768.0
                        },
                        "align": 5,
                        "bounds_type": 0,
                        "bounds_align": 0,
                        "bounds_crop": false,
                        "crop_left": 0,
                        "crop_top": 0,
                        "crop_right": 0,
                        "crop_bottom": 0,
                        "id": 7,
                        "group_item_backup": false,
                        "pos": {
                            "x": 0.0,
                            "y": 0.0
                        },
                        "pos_rel": {
                            "x": -1.7787036895751953,
                            "y": -1.0
                        },
                        "scale": {
                            "x": 0.71145832538604736,
                            "y": 0.71111112833023071
                        },
                        "scale_rel": {
                            "x": 0.71145832538604736,
                            "y": 0.71111112833023071
                        },
                        "bounds": {
                            "x": 0.0,
                            "y": 0.0
                        },
                        "bounds_rel": {
                            "x": 0.0,
                            "y": 0.0
                        },
                        "scale_filter": "disable",
                        "blend_method": "default",
                        "blend_type": "normal",
                        "show_transition": {
                            "duration": 0
                        },
                        "hide_transition": {
                            "duration": 0
                        },
                        "private_settings": {}
                    },
                    {
                        "name": "Tidbit",
                        "source_uuid": "c7b30e7a-4dd3-4f46-83cc-adc1dc739394",
                        "visible": true,
                        "locked": true,
                        "rot": 0.0,
                        "scale_ref": {
                            "x": 1366.0,
                            "y": 768.0
                        },
                        "align": 5,
                        "bounds_type": 0,
                        "bounds_align": 0,
                        "bounds_crop": false,
                        "crop_left": 0,
                        "crop_top": 0,
                        "crop_right": 0,
                        "crop_bottom": 0,
                        "id": 1,
                        "group_item_backup": false,
                        "pos": {
                            "x": 40.0,
                            "y": 568.0
                        },
                        "pos_rel": {
                            "x": -1.6740740537643433,
                            "y": 0.47962963581085205
                        },
                        "scale": {
                            "x": 1.2860000133514404,
                            "y": 1.2867648601531982
                        },
                        "scale_rel": {
                            "x": 1.2860000133514404,
                            "y": 1.2867648601531982
                        },
                        "bounds": {
                            "x": 0.0,
                            "y": 0.0
                        },
                        "bounds_rel": {
                            "x": 0.0,
                            "y": 0.0
                        },
                        "scale_filter": "disable",
                        "blend_method": "default",
                        "blend_type": "normal",
                        "show_transition": {
                            "duration": 0
                        },
                        "hide_transition": {
                            "duration": 0
                        },
                        "private_settings": {}
                    },
                    {
                        "name": "Title",
                        "source_uuid": "8c27af5f-e11a-4cc8-a509-4c6c0f809a14",
                        "visible": true,
                        "locked": true,
                        "rot": 0.0,
                        "scale_ref": {
                            "x": 1366.0,
                            "y": 768.0
                        },
                        "align": 5,
                        "bounds_type": 0,
                        "bounds_align": 0,
                        "bounds_crop": false,
                        "crop_left": 0,
                        "crop_top": 0,
                        "crop_right": 0,
                        "crop_bottom": 0,
                        "id": 2,
                        "group_item_backup": false,
                        "pos": {
                            "x": 420.0,
                            "y": 0.0
                        },
                        "pos_rel": {
                            "x": -0.68518519401550293,
                            "y": -1.0
                        },
                        "scale": {
                            "x": 1.0,
                            "y": 1.0
                        },
                        "scale_rel": {
                            "x": 1.0,
                            "y": 1.0
                        },
                        "bounds": {
                            "x": 0.0,
                            "y": 0.0
                        },
                        "bounds_rel": {
                            "x": 0.0,
                            "y": 0.0
                        },
                        "scale_filter": "disable",
                        "blend_method": "default",
                        "blend_type": "normal",
                        "show_transition": {
                            "duration": 0
                        },
                        "hide_transition": {
                            "duration": 0
                        },
                        "private_settings": {}
                    },
                    {
                        "name": "VS",
                        "source_uuid": "a486054a-9d9d-4c96-81f4-ef6e184fc943",
                        "visible": true,
                        "locked": true,
                        "rot": 0.0,
                        "scale_ref": {
                            "x": 1366.0,
                            "y": 768.0
                        },
                        "align": 5,
                        "bounds_type": 0,
                        "bounds_align": 0,
                        "bounds_crop": false,
                        "crop_left": 0,
                        "crop_top": 0,
                        "crop_right": 0,
                        "crop_bottom": 0,
                        "id": 6,
                        "group_item_backup": false,
                        "pos": {
                            "x": 583.0,
                            "y": 263.0
                        },
                        "pos_rel": {
                            "x": -0.26018518209457397,
                            "y": -0.31481480598449707
                        },
                        "scale": {
                            "x": 1.0,
                            "y": 1.0
                        },
                        "scale_rel": {
                            "x": 1.0,
                            "y": 1.0
                        },
                        "bounds": {
                            "x": 0.0,
                            "y": 0.0
                        },
                        "bounds_rel": {
                            "x": 0.0,
                            "y": 0.0
                        },
                        "scale_filter": "disable",
                        "blend_method": "default",
                        "blend_type": "normal",
                        "show_transition": {
                            "duration": 0
                        },
                        "hide_transition": {
                            "duration": 0
                        },
                        "private_settings": {}
                    },
                    {
                        "name": "Team2 Name",
                        "source_uuid": "ff5ff7ad-3df5-45f0-9d4a-243f462565ff",
                        "visible": true,
                        "locked": true,
                        "rot": 0.0,
                        "scale_ref": {
                            "x": 1366.0,
                            "y": 768.0
                        },
                        "align": 5,
                        "bounds_type": 0,
                        "bounds_align": 0,
                        "bounds_crop": false,
                        "crop_left": 0,
                        "crop_top": 0,
                        "crop_right": 0,
                        "crop_bottom": 0,
                        "id": 9,
                        "group_item_backup": false,
                        "pos": {
                            "x": 861.0,
                            "y": 150.0
                        },
                        "pos_rel": {
                            "x": 0.46388888359069824,
                            "y": -0.60925924777984619
                        },
                        "scale": {
                            "x": 0.84166669845581055,
                            "y": 0.84482765197753906
                        },
                        "scale_rel": {
                            "x": 0.84166669845581055,
                            "y": 0.84482765197753906
                        },
                        "bounds": {
                            "x": 0.0,
                            "y": 0.0
                        },
                        "bounds_rel": {
                            "x": 0.0,
                            "y": 0.0
                        },
                        "scale_filter": "disable",
                        "blend_method": "default",
                        "blend_type": "normal",
                        "show_transition": {
                            "duration": 0
                        },
                        "hide_transition": {
                            "duration": 0
                        },
                        "private_settings": {}
                    },
                    {
                        "name": "Team1 Name",
                        "source_uuid": "dfce7bd2-c8ea-466f-b5c5-1449fd817344",
                        "visible": true,
                        "locked": true,
                        "rot": 0.0,
                        "scale_ref": {
                            "x": 1366.0,
                            "y": 768.0
                        },
                        "align": 5,
                        "bounds_type": 0,
                        "bounds_align": 0,
                        "bounds_crop": false,
                        "crop_left": 0,
                        "crop_top": 0,
                        "crop_right": 0,
                        "crop_bottom": 0,
                        "id": 8,
                        "group_item_backup": false,
                        "pos": {
                            "x": 0.0,
                            "y": 150.0
                        },
                        "pos_rel": {
                            "x": -1.7787036895751953,
                            "y": -0.60925924777984619
                        },
                        "scale": {
                            "x": 0.84166669845581055,
                            "y": 0.84482765197753906
                        },
                        "scale_rel": {
                            "x": 0.84166669845581055,
                            "y": 0.84482765197753906
                        },
                        "bounds": {
                            "x": 0.0,
                            "y": 0.0
                        },
                        "bounds_rel": {
                            "x": 0.0,
                            "y": 0.0
                        },
                        "scale_filter": "disable",
                        "blend_method": "default",
                        "blend_type": "normal",
                        "show_transition": {
                            "duration": 0
                        },
                        "hide_transition": {
                            "duration": 0
                        },
                        "private_settings": {}
                    },
                    {
                        "name": "Audio Output Capture",
                        "source_uuid": "004fcf10-1661-4134-b7f1-eff80d874580",
                        "visible": true,
                        "locked": true,
                        "rot": 0.0,
                        "scale_ref": {
                            "x": 1920.0,
                            "y": 1080.0
                        },
                        "align": 5,
                        "bounds_type": 0,
                        "bounds_align": 0,
                        "bounds_crop": false,
                        "crop_left": 0,
                        "crop_top": 0,
                        "crop_right": 0,
                        "crop_bottom": 0,
                        "id": 10,
                        "group_item_backup": false,
                        "pos": {
                            "x": 0.5,
                            "y": 0.0
                        },
                        "pos_rel": {
                            "x": -1.7777777910232544,
                            "y": -1.0
                        },
                        "scale": {
                            "x": 0.71111112833023071,
                            "y": 0.71111112833023071
                        },
                        "scale_rel": {
                            "x": 1.0,
                            "y": 1.0
                        },
                        "bounds": {
                            "x": 0.0,
                            "y": 0.0
                        },
                        "bounds_rel": {
                            "x": 0.0,
                            "y": 0.0
                        },
                        "scale_filter": "disable",
                        "blend_method": "default",
                        "blend_type": "normal",
                        "show_transition": {
                            "duration": 0
                        },
                        "hide_transition": {
                            "duration": 0
                        },
                        "private_settings": {}
                    }
                ]
            },
            "mixers": 0,
            "sync": 0,
            "flags": 0,
            "volume": 1.0,
            "balance": 0.5,
            "enabled": true,
            "muted": false,
            "push-to-mute": false,
            "push-to-mute-delay": 0,
            "push-to-talk": false,
            "push-to-talk-delay": 0,
            "hotkeys": {
                "OBSBasic.SelectScene": [
                    {
                        "key": "OBS_KEY_NUM7"
                    }
                ],
                "libobs.show_scene_item.3": [],
                "libobs.hide_scene_item.3": [],
                "libobs.show_scene_item.4": [],
                "libobs.hide_scene_item.4": [],
                "libobs.show_scene_item.5": [],
                "libobs.hide_scene_item.5": [],
                "libobs.show_scene_item.7": [],
                "libobs.hide_scene_item.7": [],
                "libobs.show_scene_item.1": [],
                "libobs.hide_scene_item.1": [],
                "libobs.show_scene_item.2": [],
                "libobs.hide_scene_item.2": [],
                "libobs.show_scene_item.6": [],
                "libobs.hide_scene_item.6": [],
                "libobs.show_scene_item.8": [],
                "libobs.hide_scene_item.8": [],
                "libobs.show_scene_item.9": [],
                "libobs.hide_scene_item.9": [],
                "libobs.show_scene_item.10": [],
                "libobs.hide_scene_item.10": []
            },
            "deinterlace_mode": 0,
            "deinterlace_field_order": 0,
            "monitoring_type": 0,
            "private_settings": {}
        },
        {
            "prev_ver": 520093697,
            "name": "Team1 Icon",
            "uuid": "63e09d31-15e0-46e6-a1c7-080df44da053",
            "id": "image_source",
            "versioned_id": "image_source",
            "settings": {
                "file": "C:/Users/Troupple Knight/Documents/BB Twitch/Team Icons/literary_legends_icon.png"
            },
            "mixers": 0,
            "sync": 0,
            "flags": 0,
            "volume": 1.0,
            "balance": 0.5,
            "enabled": true,
            "muted": false,
            "push-to-mute": false,
            "push-to-mute-delay": 0,
            "push-to-talk": false,
            "push-to-talk-delay": 0,
            "hotkeys": {},
            "deinterlace_mode": 0,
            "deinterlace_field_order": 0,
            "monitoring_type": 0,
            "private_settings": {}
        },
        {
            "prev_ver": 520093697,
            "name": "Team1 Name",
            "uuid": "dfce7bd2-c8ea-466f-b5c5-1449fd817344",
            "id": "text_gdiplus",
            "versioned_id": "text_gdiplus_v3",
            "settings": {
                "extents": true,
                "font": {
                    "face": "Rockwell Condensed",
                    "style": "Regular",
                    "size": 120,
                    "flags": 0
                },
                "align": "center",
                "extents_cx": 600,
                "extents_cy": 115,
                "text": "Literary Legends"
            },
            "mixers": 0,
            "sync": 0,
            "flags": 0,
            "volume": 1.0,
            "balance": 0.5,
            "enabled": true,
            "muted": false,
            "push-to-mute": false,
            "push-to-mute-delay": 0,
            "push-to-talk": false,
            "push-to-talk-delay": 0,
            "hotkeys": {},
            "deinterlace_mode": 0,
            "deinterlace_field_order": 0,
            "monitoring_type": 0,
            "private_settings": {}
        },
        {
            "prev_ver": 520093697,
            "name": "Team2 Icon",
            "uuid": "c9600cba-bd84-4c31-be19-7886a2f83b7e",
            "id": "image_source",
            "versioned_id": "image_source",
            "settings": {
                "file": "C:/Users/Troupple Knight/Documents/BB Twitch/Team Icons/unknown.jpg"
            },
            "mixers": 0,
            "sync": 0,
            "flags": 0,
            "volume": 1.0,
            "balance": 0.5,
            "enabled": true,
            "muted": false,
            "push-to-mute": false,
            "push-to-mute-delay": 0,
            "push-to-talk": false,
            "push-to-talk-delay": 0,
            "hotkeys": {},
            "deinterlace_mode": 0,
            "deinterlace_field_order": 0,
            "monitoring_type": 0,
            "private_settings": {}
        },
        {
            "prev_ver": 520093697,
            "name": "Team2 Name",
            "uuid": "ff5ff7ad-3df5-45f0-9d4a-243f462565ff",
            "id": "text_gdiplus",
            "versioned_id": "text_gdiplus_v3",
            "settings": {
                "extents": true,
                "text": "Fauci's Fowlers",
                "undo_suuid": "ff5ff7ad-3df5-45f0-9d4a-243f462565ff",
                "font": {
                    "face": "Rockwell Condensed",
                    "style": "Regular",
                    "size": 120,
                    "flags": 0
                },
                "align": "center",
                "extents_cx": 600,
                "extents_cy": 115
            },
            "mixers": 0,
            "sync": 0,
            "flags": 0,
            "volume": 1.0,
            "balance": 0.5,
            "enabled": true,
            "muted": false,
            "push-to-mute": false,
            "push-to-mute-delay": 0,
            "push-to-talk": false,
            "push-to-talk-delay": 0,
            "hotkeys": {},
            "deinterlace_mode": 0,
            "deinterlace_field_order": 0,
            "monitoring_type": 0,
            "private_settings": {}
        },
        {
            "prev_ver": 520093697,
            "name": "Tidbit",
            "uuid": "c7b30e7a-4dd3-4f46-83cc-adc1dc739394",
            "id": "text_gdiplus",
            "versioned_id": "text_gdiplus_v3",
            "settings": {
                "chatlog": true,
                "extents": true,
                "outline": false,
                "read_from_file": true,
                "text": "Test 1, Test 2, Test 3",
                "vertical": false,
                "file": "C:/Users/Troupple Knight/Documents/BB Twitch/Load Text/chatlog.txt",
                "font": {
                    "face": "High Tower Text",
                    "flags": 0,
                    "size": 28,
                    "style": "Regular"
                },
                "align": "center",
                "valign": "bottom",
                "chatlog_lines": 1,
                "extents_wrap": true,
                "extents_cx": 1000,
                "extents_cy": 135,
                "transform": 0
            },
            "mixers": 0,
            "sync": 0,
            "flags": 0,
            "volume": 1.0,
            "balance": 0.5,
            "enabled": true,
            "muted": false,
            "push-to-mute": false,
            "push-to-mute-delay": 0,
            "push-to-talk": false,
            "push-to-talk-delay": 0,
            "hotkeys": {},
            "deinterlace_mode": 0,
            "deinterlace_field_order": 0,
            "monitoring_type": 0,
            "private_settings": {}
        },
        {
            "prev_ver": 520093697,
            "name": "Title",
            "uuid": "8c27af5f-e11a-4cc8-a509-4c6c0f809a14",
            "id": "text_gdiplus",
            "versioned_id": "text_gdiplus_v3",
            "settings": {
                "extents": true,
                "text": "Starting Soon...",
                "undo_uuid": "8c27af5f-e11a-4cc8-a509-4c6c0f809a14",
                "font": {
                    "face": "Gabriola",
                    "flags": 0,
                    "size": 200,
                    "style": "Regular"
                },
                "align": "center",
                "valign": "top",
                "extents_cx": 525,
                "extents_cy": 115
            },
            "mixers": 0,
            "sync": 0,
            "flags": 0,
            "volume": 1.0,
            "balance": 0.5,
            "enabled": true,
            "muted": false,
            "push-to-mute": false,
            "push-to-mute-delay": 0,
            "push-to-talk": false,
            "push-to-talk-delay": 0,
            "hotkeys": {},
            "deinterlace_mode": 0,
            "deinterlace_field_order": 0,
            "monitoring_type": 0,
            "private_settings": {}
        },
        {
            "prev_ver": 520093697,
            "name": "VS",
            "uuid": "a486054a-9d9d-4c96-81f4-ef6e184fc943",
            "id": "text_gdiplus",
            "versioned_id": "text_gdiplus_v3",
            "settings": {
                "extents": true,
                "text": "VS",
                "undo_uuid": "8c27af5f-e11a-4cc8-a509-4c6c0f809a14",
                "font": {
                    "face": "Gabriola",
                    "flags": 0,
                    "size": 300,
                    "style": "Regular"
                },
                "align": "center",
                "valign": "top",
                "extents_cx": 200,
                "extents_cy": 125
            },
            "mixers": 0,
            "sync": 0,
            "flags": 0,
            "volume": 1.0,
            "balance": 0.5,
            "enabled": true,
            "muted": false,
            "push-to-mute": false,
            "push-to-mute-delay": 0,
            "push-to-talk": false,
            "push-to-talk-delay": 0,
            "hotkeys": {},
            "deinterlace_mode": 0,
            "deinterlace_field_order": 0,
            "monitoring_type": 0,
            "private_settings": {}
        }
    ]
}